prefecture,date,city,location,longitude,latitude
山梨県,2024-04-01,都留市,大野,138.942398,35.516033
神奈川県,2024-04-02,箱根町,宮城野,139.048584,35.263847
山梨県,2024-04-02,市川三郷町,黒沢,138.466721,35.53178
山梨県,2024-04-04,市川三郷町,黒沢,138.466721,35.53178
静岡県,2024-04-05,富士宮市,佐折,138.552734,35.325047
静岡県,2024-04-07,富士宮市,貫戸,138.620285,35.193417
静岡県,2024-04-11,富士宮市,北山,138.641251,35.315876
山梨県,2024-04-11,富士河口湖町,河口,138.779053,35.543289
神奈川県,2024-04-11,相模原市,緑区佐野川,139.14183,35.651836
神奈川県,2024-04-12,松田町,寄,139.124084,35.405666
山梨県,2024-04-13,上野原市,大野,139.058258,35.623985
山梨県,2024-04-13,早川町,新倉,138.314163,35.495255
山梨県,2024-04-14,山中湖村,平野,138.891769,35.424641
神奈川県,2024-04-17,厚木市,七沢,139.266006,35.448963
山梨県,2024-04-25,甲府市,平瀬町,138.54393,35.713112
静岡県,2024-04-30,富士宮市,沼久保,138.595444,35.193901
静岡県,2024-05-01,富士宮市,内房,138.541122,35.189018
山梨県,2024-05-05,南部町,福士徳間,138.441086,35.219273
静岡県,2024-05-06,静岡市葵区,田代,138.212448,35.254257
山梨県,2024-05-06,都留市,大野,138.942398,35.516033
山梨県,2024-05-07,南部町,成島釜の口,138.399307,35.269028
静岡県,2024-05-08,富士宮市,粟倉,138.704346,35.300537
山梨県,2024-05-09,早川町,保地内,138.296951,35.43084
静岡県,2024-05-09,富士宮市,星山,138.608475,35.196812
神奈川県,2024-05-11,清川村,煤ケ谷,139.262299,35.484276
山梨県,2024-05-11,山中湖村,平野,138.891769,35.424641
山梨県,2024-05-15,市川三郷町,寺所,138.49437,35.50132
神奈川県,2024-05-17,相模原市,緑区三井,139.259048,35.598003
山梨県,2024-05-18,笛吹市,御坂町上黒駒,138.712067,35.590988
山梨県,2024-05-18,上野原市,上野原市秋山,139.067337,35.568935
山梨県,2024-05-19,笛吹市,芦川町上芦川,138.714813,35.549503
神奈川県,2024-05-19,,,,
神奈川県,2024-05-19,愛川町,半原,139.264832,35.529568
山梨県,2024-05-19,笛吹市,芦川町上芦川,138.714813,35.549503
静岡県,2024-05-19,浜松市天竜区,佐久間町上平山,137.868805,35.036392
山梨県,2024-05-20,身延町,三沢,138.472931,35.471874
山梨県,2024-05-20,笛吹市,御坂町藤野木,138.773087,35.581715
山梨県,2024-05-20,笛吹市,芦川町上芦川,138.714813,35.549503
静岡県,2024-05-21,静岡市葵区,中平,138.371826,35.173073
静岡県,2024-05-22,小山町,棚頭,138.942032,35.355148
静岡県,2024-05-22,小山町,用沢,138.924683,35.350834
山梨県,2024-05-22,早川町,湯島,138.305389,35.535999
山梨県,2024-05-22,身延町,飯富,138.435043,35.43515
神奈川県,2024-05-23,秦野市,蓑毛,139.232025,35.419514
山梨県,2024-05-24,都留市,川棚,138.899414,35.551216
山梨県,2024-05-25,富士吉田市,大明見,138.825958,35.484444
山梨県,2024-05-26,早川町,奈良田,138.276611,35.603207
山梨県,2024-05-26,忍野村,二十曲峠付近,138.847885,35.460052
山梨県,2024-05-26,富士吉田市,上暮地,138.827469,35.508064
静岡県,2024-05-27,小山町,湯船,138.965775,35.380074
山梨県,2024-05-27,山梨市,牧丘町塩平,138.687225,35.693333
神奈川県,2024-05-27,山北町,中川,139.045639,35.438549
山梨県,2024-05-28,富士河口湖町,河口,138.779053,35.543289
山梨県,2024-05-29,身延町,三澤大道,138.472931,35.471874
山梨県,2024-05-29,山梨市,牧丘町塩平,138.687225,35.693333
神奈川県,2024-05-30,伊勢原市,日向,139.266983,35.437168
山梨県,2024-05-31,小菅村,中組地区山沢,138.940277,35.760277
静岡県,2024-06-01,静岡市清水区,大内,138.4422,35.025719
山梨県,2024-06-02,笛吹市,一宮町竹原田,138.674072,35.64793
神奈川県,2024-06-03,山北町,谷ケ,139.037628,35.366077
山梨県,2024-06-03,甲州市,塩山上萩原,138.82402,35.731625
静岡県,2024-06-04,静岡市葵区,田代,138.212448,35.254257
神奈川県,2024-06-04,伊勢原市,子易,139.27034,35.417934
山梨県,2024-06-04,忍野村,忍草,138.828659,35.458664
山梨県,2024-06-04,身延町,小原島,138.442505,35.467499
静岡県,2024-06-04,小山町,中日向,138.930466,35.379784
静岡県,2024-06-05,御殿場市,中畑,138.852234,35.331066
静岡県,2024-06-05,小山町,湯船,138.965775,35.380074
山梨県,2024-06-05,身延町,和田,138.452972,35.348892
山梨県,2024-06-05,南部町,福士鯨野,138.441086,35.219273
山梨県,2024-06-05,韮崎市,清哲町青木,138.377213,35.712566
山梨県,2024-06-05,早川町,保地内,138.296951,35.43084
静岡県,2024-06-06,静岡市葵区,平野,138.373322,35.151382
山梨県,2024-06-06,早川町,保地区,138.296951,35.43084
山梨県,2024-06-06,富士吉田市,上吉田諏訪内,138.753159,35.426395
山梨県,2024-06-06,小菅村,川池,138.940277,35.760277
神奈川県,2024-06-06,伊勢原市,三ノ塔,139.314987,35.40295
山梨県,2024-06-07,早川町,保地内,138.296951,35.43084
静岡県,2024-06-07,川根本町,犬間,138.177155,35.209225
山梨県,2024-06-07,都留市,十日市場,138.885284,35.535366
静岡県,2024-06-08,静岡市葵区,梅ケ島,138.325928,35.278023
静岡県,2024-06-08,静岡市清水区,伊佐布,138.451874,35.070965
静岡県,2024-06-08,静岡市駿河区,丸子,138.328186,34.940491
山梨県,2024-06-08,身延町,和田,138.452972,35.348892
山梨県,2024-06-08,上野原市,棡原,139.085815,35.672298
山梨県,2024-06-08,笛吹市,御坂町藤木,138.773087,35.581715
静岡県,2024-06-08,川根本町,壱町河内,138.126007,35.043808
神奈川県,2024-06-08,厚木市,七沢,139.266006,35.448963
山梨県,2024-06-09,小菅村,小永田地区,138.940277,35.760277
山梨県,2024-06-09,笛吹市,境川町藤垈,138.61673,35.580376
山梨県,2024-06-09,早川町,保地内,138.296951,35.43084
静岡県,2024-06-09,小山町,棚頭,138.942032,35.355148
静岡県,2024-06-09,浜松市天竜区,水窪町奥領家,137.900558,35.228153
神奈川県,2024-06-09,伊勢原市,大山,139.246063,35.42717
山梨県,2024-06-10,小菅村,棚沢地区,138.940277,35.760277
山梨県,2024-06-10,忍野村,忍草,138.828659,35.458664
山梨県,2024-06-10,大月市,初狩町中初狩,138.869797,35.597382
山梨県,2024-06-10,都留市,平栗,138.888962,35.5546
静岡県,2024-06-10,静岡市葵区,梅ケ島,138.325928,35.278023
静岡県,2024-06-10,静岡市葵区,梅ケ島,138.325928,35.278023
山梨県,2024-06-10,身延町,和田,138.452972,35.348892
静岡県,2024-06-11,小山町,大御神,138.900375,35.375614
神奈川県,2024-06-11,,,,
山梨県,2024-06-11,早川町,保地内,138.296951,35.43084
山梨県,2024-06-11,都留市,大幡・初狩,138.839966,35.565659
山梨県,2024-06-11,南部町,塩沢地区,138.439636,35.273815
山梨県,2024-06-11,大月市,笹子町黒野田,138.798981,35.597111
山梨県,2024-06-11,早川町,奈良田,138.276611,35.603207
静岡県,2024-06-11,静岡市葵区,梅ケ島,138.325928,35.278023
山梨県,2024-06-12,北杜市,須玉町江草,138.504684,35.811039
神奈川県,2024-06-12,相模原市,緑区牧野,139.164047,35.571507
神奈川県,2024-06-12,清川村,煤ケ谷,139.262299,35.484276
静岡県,2024-06-12,浜松市天竜区,水窪町奥領家,137.900558,35.228153
山梨県,2024-06-12,山中湖村,山中,138.847412,35.427853
山梨県,2024-06-12,富士河口湖町,河口,138.779053,35.543289
静岡県,2024-06-12,静岡市葵区,平野,138.373322,35.151382
山梨県,2024-06-12,北杜市,白州町白須,138.267776,35.79528
山梨県,2024-06-12,笛吹市,御坂町藤木,138.773087,35.581715
山梨県,2024-06-13,大月市,真木,138.940002,35.610554
山梨県,2024-06-13,富士吉田市,上暮地,138.827469,35.508064
静岡県,2024-06-13,富士宮市,人穴,138.629196,35.363747
静岡県,2024-06-13,静岡市清水区,大平,138.421783,35.173763
神奈川県,2024-06-14,相模原市,緑区牧野,139.164047,35.571507
山梨県,2024-06-14,山梨市,三富川浦,138.781586,35.847103
静岡県,2024-06-14,富士宮市,人穴,138.629196,35.363747
山梨県,2024-06-14,笛吹市,八代町竹居,138.675507,35.585686
山梨県,2024-06-14,富士河口湖町,大石,138.722153,35.532024
山梨県,2024-06-14,甲府市,古関,138.620758,35.525299
静岡県,2024-06-15,小山町,大御神,138.900375,35.375614
神奈川県,2024-06-15,愛川町,半原,139.264832,35.529568
神奈川県,2024-06-16,秦野市,寺山,139.217407,35.421936
静岡県,2024-06-16,富士宮市,猪之頭,138.555908,35.367573
静岡県,2024-06-16,富士宮市,佐折,138.552734,35.325047
静岡県,2024-06-16,御殿場市,仁杉,138.906799,35.325901
山梨県,2024-06-16,富士河口湖町,大石,138.722153,35.532024
山梨県,2024-06-16,富士河口湖町,大石,138.722153,35.532024
山梨県,2024-06-16,富士河口湖町,大石,138.722153,35.532024
山梨県,2024-06-16,市川三郷町,山保,138.509537,35.52877
静岡県,2024-06-17,裾野市,富沢,138.880737,35.179779
山梨県,2024-06-17,富士河口湖町,河口,138.779053,35.543289
神奈川県,2024-06-17,山北町,皆瀬川,139.063675,35.37212
山梨県,2024-06-17,早川町,保地区,138.296951,35.43084
山梨県,2024-06-17,小菅村,鶴峠頂上付近,138.940277,35.760277
山梨県,2024-06-18,富士河口湖町,河口,138.779053,35.543289
山梨県,2024-06-18,富士河口湖町,河口,138.779053,35.543289
静岡県,2024-06-18,裾野市,桃園,138.892532,35.180679
山梨県,2024-06-19,富士河口湖町,河口,138.779053,35.543289
山梨県,2024-06-19,身延町,横根中,138.419952,35.314167
山梨県,2024-06-19,大月市,七保町奈良子,138.917099,35.673138
山梨県,2024-06-19,富士河口湖町,河口,138.779053,35.543289
神奈川県,2024-06-19,相模原市,緑区寸沢嵐,139.206879,35.586128
山梨県,2024-06-20,都留市,大幡,138.839966,35.565659
山梨県,2024-06-20,富士河口湖町,河口,138.779053,35.543289
静岡県,2024-06-20,富士宮市,内房,138.541122,35.189018
静岡県,2024-06-21,小山町,棚頭,138.942032,35.355148
神奈川県,2024-06-22,相模原市,緑区青根,139.116531,35.517387
山梨県,2024-06-22,大月市,七保町奈良子,138.917099,35.673138
山梨県,2024-06-22,富士河口湖町,浅川,138.776489,35.508926
山梨県,2024-06-22,富士河口湖町,本栖,138.617065,35.450409
山梨県,2024-06-22,富士河口湖町,西湖南,138.676239,35.490849
神奈川県,2024-06-23,相模原市,緑区青野原,139.186737,35.553944
神奈川県,2024-06-23,松田町,寄,139.124084,35.405666
神奈川県,2024-06-23,愛川町,半原,139.264832,35.529568
神奈川県,2024-06-23,愛川町,半原,139.264832,35.529568
神奈川県,2024-06-24,,有害鳥獣捕獲のためのシカ、イノシシ用くくり罠に錯誤捕獲。,,
山梨県,2024-06-24,上野原市,西原,139.015167,35.702133
山梨県,2024-06-24,小菅村,大久保,138.940277,35.760277
静岡県,2024-06-25,静岡市葵区,有東木,138.376984,35.205166
山梨県,2024-06-25,早川町,大島,138.35228,35.417099
山梨県,2024-06-25,小菅村,小永田,138.940277,35.760277
山梨県,2024-06-26,大月市,七保町瀬戸,138.952286,35.692577
山梨県,2024-06-26,大月市,七保町葛野,138.963058,35.635151
山梨県,2024-06-26,大月市,真木,138.940002,35.610554
山梨県,2024-06-26,山梨市,三富川浦,138.781586,35.847103
山梨県,2024-06-26,笛吹市,八代町竹居,138.675507,35.585686
静岡県,2024-06-26,静岡市葵区,梅ケ島,138.325928,35.278023
神奈川県,2024-06-26,伊勢原市,大山,139.246063,35.42717
山梨県,2024-06-26,上野原市,鶴川,139.098343,35.633427
静岡県,2024-06-27,小山町,棚頭,138.942032,35.355148
静岡県,2024-06-27,浜松市天竜区,春野町豊岡,137.917358,35.05648
神奈川県,2024-06-27,秦野市,寺山,139.217407,35.421936
山梨県,2024-06-27,南部町,中野区和田原,138.48613,35.242367
山梨県,2024-06-27,鳴沢村,鳴沢,138.706665,35.481388
山梨県,2024-06-27,笛吹市,芦川町上芦川,138.714813,35.549503
山梨県,2024-06-27,早川町,保地内,138.296951,35.43084
山梨県,2024-06-27,早川町,保地内,138.296951,35.43084
山梨県,2024-06-28,丹波山村,奥秋,138.913513,35.793247
山梨県,2024-06-28,富士河口湖町,河口,138.779053,35.543289
山梨県,2024-06-28,山中湖村,長池,138.861084,35.410591
山梨県,2024-06-29,富士河口湖町,大石,138.722153,35.532024
神奈川県,2024-06-29,相模原市,緑区青根,139.116531,35.517387
静岡県,2024-06-29,浜松市天竜区,水窪町奥領家,137.900558,35.228153
静岡県,2024-06-29,静岡市葵区,梅ケ島,138.325928,35.278023
山梨県,2024-06-30,山中湖村,山中,138.847412,35.427853
山梨県,2024-06-30,笛吹市,八代町竹居,138.675507,35.585686
山梨県,2024-06-30,都留市,小野,138.908127,35.528454
山梨県,2024-06-30,富士河口湖町,大石,138.722153,35.532024
山梨県,2024-06-30,富士河口湖町,大石,138.722153,35.532024
神奈川県,2024-06-30,厚木市,七沢,139.266006,35.448963
静岡県,2024-07-01,小山町,小山,139.003448,35.343582
神奈川県,2024-07-01,相模原市,緑区牧野,139.164047,35.571507
山梨県,2024-07-01,小菅村,井狩,138.940277,35.760277
山梨県,2024-07-01,富士河口湖町,河口,138.779053,35.543289
山梨県,2024-07-01,富士河口湖町,河口,138.779053,35.543289
山梨県,2024-07-02,大月市,七保町奈良子,138.917099,35.673138
山梨県,2024-07-02,甲州市,大和町日影,138.76825,35.628475
山梨県,2024-07-03,甲州市,大和町日影,138.76825,35.628475
山梨県,2024-07-03,笛吹市,御坂町藤野木,138.773087,35.581715
山梨県,2024-07-03,上野原市,大野,139.058258,35.623985
山梨県,2024-07-03,富士河口湖町,大石,138.722153,35.532024
静岡県,2024-07-03,静岡市葵区,井川,138.231674,35.214729
山梨県,2024-07-03,南部町,南部外田,138.48613,35.242367
静岡県,2024-07-04,静岡市葵区,梅ケ島,138.325928,35.278023
静岡県,2024-07-04,静岡市葵区,平野,138.373322,35.151382
静岡県,2024-07-04,静岡市葵区,梅ケ島,138.325928,35.278023
山梨県,2024-07-04,北杜市,白州町白須,138.267776,35.79528
山梨県,2024-07-04,都留市,盛里,138.947998,35.557407
山梨県,2024-07-04,都留市,大幡,138.839966,35.565659
静岡県,2024-07-05,静岡市清水区,宍原,138.509811,35.170551
山梨県,2024-07-05,早川町,保地内,138.296951,35.43084
山梨県,2024-07-05,北杜市,白州町島原,138.223312,35.804619
山梨県,2024-07-06,上野原市,西原,139.015167,35.702133
山梨県,2024-07-06,富士河口湖町,河口,138.779053,35.543289
山梨県,2024-07-06,早川町,保地内,138.296951,35.43084
山梨県,2024-07-06,富士河口湖町,河口,138.779053,35.543289
山梨県,2024-07-06,富士河口湖町,河口,138.779053,35.543289
静岡県,2024-07-07,静岡市葵区,小瀬戸,138.286087,34.980099
静岡県,2024-07-07,静岡市清水区,由比,138.568481,35.114494
山梨県,2024-07-07,富士河口湖町,河口,138.779053,35.543289
静岡県,2024-07-08,静岡市葵区,口坂本,138.188538,35.453747
山梨県,2024-07-08,富士河口湖町,大石,138.722153,35.532024
山梨県,2024-07-09,丹波山村,所畑,138.91777,35.791737
静岡県,2024-07-09,浜松市天竜区,水窪町奥領家,137.900558,35.228153
山梨県,2024-07-09,笛吹市,一宮町金沢,138.709503,35.621887
山梨県,2024-07-10,小菅村,小永田,138.940277,35.760277
山梨県,2024-07-11,身延町,相又,138.419174,35.329777
山梨県,2024-07-11,早川町,保地内,138.296951,35.43084
静岡県,2024-07-11,静岡市葵区,梅ケ島,138.325928,35.278023
静岡県,2024-07-11,静岡市葵区,井川,138.231674,35.214729
静岡県,2024-07-11,浜松市天竜区,龍山町瀬尻,137.815231,35.024487
山梨県,2024-07-11,笛吹市,御坂町藤野木,138.773087,35.581715
山梨県,2024-07-11,大月市,七保町瀬戸,138.952286,35.692577
静岡県,2024-07-11,静岡市葵区,梅ケ島,138.325928,35.278023
山梨県,2024-07-12,小菅村,棚沢地区,138.940277,35.760277
静岡県,2024-07-12,静岡市葵区,井川,138.231674,35.214729
山梨県,2024-07-14,都留市,大幡,138.839966,35.565659
静岡県,2024-07-15,静岡市葵区,口坂本,138.188538,35.453747
山梨県,2024-07-18,笛吹市,八代町竹居,138.675507,35.585686
山梨県,2024-07-18,身延町,中ノ倉,138.564758,35.473095
静岡県,2024-07-18,静岡市葵区,横沢,138.284561,35.138992
静岡県,2024-07-18,静岡市葵区,梅ヶ島,138.325934,35.278024
山梨県,2024-07-19,早川町,保地内,138.296951,35.43084
神奈川県,2024-07-20,秦野市,蓑毛,139.232025,35.419514
山梨県,2024-07-20,山中湖村,長池,138.861084,35.410591
静岡県,2024-07-20,静岡市葵区,井川,138.231674,35.214729
山梨県,2024-07-21,上野原市,向風,139.108612,35.63028
山梨県,2024-07-22,山梨市,三富川浦,138.781586,35.847103
山梨県,2024-07-23,富士河口湖町,精進,138.626358,35.481388
山梨県,2024-07-23,上野原市,棡原,139.085815,35.672298
静岡県,2024-07-23,静岡市葵区,梅ヶ島,138.325934,35.278024
静岡県,2024-07-23,小山町,中日向,138.930466,35.379784
山梨県,2024-07-24,北杜市,武川町黒澤,138.36235,35.769756
山梨県,2024-07-25,上野原市,鶴島,139.116623,35.602837
山梨県,2024-07-25,身延町,下粟倉,138.442505,35.467499
静岡県,2024-07-25,島田市,伊久美,138.135117,34.933907
静岡県,2024-07-25,静岡市葵区,梅ヶ島,138.325934,35.278024
神奈川県,2024-07-26,秦野市,蓑毛,139.232025,35.419514
山梨県,2024-07-26,早川町,保地内,138.296951,35.43084
神奈川県,2024-07-26,山北町,神尾田,139.042587,35.413403
神奈川県,2024-07-26,愛川町,八菅山,139.322449,35.512508
静岡県,2024-07-26,静岡市葵区,大間,138.242935,35.147095
静岡県,2024-07-26,浜松市天竜区,水窪町奥領家,137.900558,35.228153
山梨県,2024-07-27,早川町,奈良田,138.276611,35.603207
神奈川県,2024-07-27,山北町,神尾田,139.042587,35.413403
神奈川県,2024-07-27,松田町,寄,139.124084,35.405666
静岡県,2024-07-28,静岡市葵区,梅ヶ島,138.325934,35.278024
山梨県,2024-07-28,身延町,江尻窪,138.404129,35.442677
山梨県,2024-07-28,丹波山村,上組,138.917953,35.79237
静岡県,2024-07-29,静岡市葵区,梅ヶ島,138.325934,35.278024
神奈川県,2024-07-29,清川村,宮ケ瀬,139.214569,35.500069
静岡県,2024-07-29,富士宮市,羽鮒,138.573441,35.209415
山梨県,2024-07-29,早川町,奈良田,138.276611,35.603207
山梨県,2024-07-29,大月市,七保町瀬戸,138.952286,35.692577
山梨県,2024-07-29,南部町,福士,138.441086,35.219273
神奈川県,2024-07-30,秦野市,堀西,139.17337,35.391907
静岡県,2024-07-30,富士宮市,上稲子,138.534805,35.283268
山梨県,2024-07-30,丹波山村,熊倉,138.91777,35.791737
山梨県,2024-07-31,大月市,賑岡町畑倉,138.946442,35.62841
山梨県,2024-07-31,北杜市,大泉町西井出,138.402512,35.906494
静岡県,2024-07-31,静岡市葵区,平山（竜爪山）,138.421082,35.073269
静岡県,2024-07-31,浜松市天竜区,水窪町奥領家,137.900558,35.228153
静岡県,2024-07-31,静岡市葵区,渡,138.346466,35.196022
山梨県,2024-07-31,富士河口湖町,浅川,138.776489,35.508926
山梨県,2024-08-03,富士河口湖町,河口,138.779053,35.543289
静岡県,2024-08-03,静岡市葵区,井川,138.231674,35.214729
山梨県,2024-08-03,大月市,真木,138.940002,35.610554
静岡県,2024-08-05,静岡市清水区,布沢,138.444336,35.104893
神奈川県,2024-08-05,秦野市,小蓑毛,139.238525,35.410603
静岡県,2024-08-08,静岡市葵区,俵峰,138.385132,35.113598
静岡県,2024-08-08,静岡市葵区,長熊,138.315811,35.136154
神奈川県,2024-08-08,伊勢原市,子易,139.27034,35.417934
山梨県,2024-08-08,北杜市,白州町横手,138.28743,35.773617
静岡県,2024-08-09,川根本町,千頭,138.079529,35.226582
神奈川県,2024-08-09,愛川町,八菅山,139.322449,35.512508
神奈川県,2024-08-10,,飼養の鶏に強い執着があり、人身被害のおそれがあると判断したため、,,
神奈川県,2024-08-10,愛川町,半原,139.264832,35.529568
静岡県,2024-08-10,川根本町,千頭,138.079529,35.226582
神奈川県,2024-08-10,愛川町,八菅山,139.322449,35.512508
山梨県,2024-08-11,丹波山村,熊倉,138.91777,35.791737
山梨県,2024-08-11,富士河口湖町,船津,138.758514,35.475739
山梨県,2024-08-11,富士河口湖町,船津,138.758514,35.475739
山梨県,2024-08-12,北杜市,白州町横手,138.28743,35.773617
山梨県,2024-08-12,富士河口湖町,船津,138.758514,35.475739
山梨県,2024-08-12,富士河口湖町,船津,138.758514,35.475739
山梨県,2024-08-13,上野原市,秋山,139.067337,35.568935
山梨県,2024-08-13,北杜市,白州町横手,138.28743,35.773617
山梨県,2024-08-13,甲州市,塩山上萩原,138.82402,35.731625
静岡県,2024-08-14,富士宮市,猪之頭,138.555908,35.367573
神奈川県,2024-08-15,伊勢原市,大山,139.246063,35.42717
神奈川県,2024-08-15,伊勢原市,子易,139.27034,35.417934
静岡県,2024-08-15,川根本町,下泉,138.105927,35.015862
山梨県,2024-08-15,笛吹市,芦川町上芦川,138.714813,35.549503
山梨県,2024-08-15,北杜市,武川町山高,138.33902,35.772934
山梨県,2024-08-15,大月市,梁川町立野,139.023071,35.594086
山梨県,2024-08-15,大月市,賑岡町強瀬,138.949844,35.618004
山梨県,2024-08-15,富士河口湖町,富士ヶ嶺,138.626892,35.414104
山梨県,2024-08-16,小菅村,橋立,138.940277,35.760277
山梨県,2024-08-16,北杜市,白州町横手,138.28743,35.773617
山梨県,2024-08-16,北杜市,白州町横手,138.28743,35.773617
山梨県,2024-08-17,富士河口湖町,船津,138.758514,35.475739
静岡県,2024-08-17,浜松市天竜区,水窪町山住,137.920242,35.139416
山梨県,2024-08-17,北杜市,白州町横手,138.28743,35.773617
静岡県,2024-08-18,小山町,湯船,138.965775,35.380074
山梨県,2024-08-18,丹波山村,丹波山村,138.91777,35.791737
静岡県,2024-08-19,富士宮市,内房,138.541122,35.189018
山梨県,2024-08-20,富士河口湖町,船津,138.758514,35.475739
山梨県,2024-08-20,笛吹市,御坂町藤野木,138.773087,35.581715
山梨県,2024-08-20,富士吉田市,上暮地,138.827469,35.508064
山梨県,2024-08-20,北杜市,白州町鳥原,138.223312,35.804619
神奈川県,2024-08-20,松田町,寄,139.124084,35.405666
神奈川県,2024-08-21,伊勢原市,日向,139.266983,35.437168
山梨県,2024-08-21,富士河口湖町,船津,138.758514,35.475739
山梨県,2024-08-22,北杜市,白州町大坊,138.316772,35.774014
神奈川県,2024-08-22,清川村,宮ケ瀬,139.214569,35.500069
山梨県,2024-08-22,北杜市,武川町山高,138.33902,35.772934
山梨県,2024-08-23,北杜市,白州町上教来石,138.261169,35.847351
神奈川県,2024-08-23,山北町,向原,139.103058,35.359695
神奈川県,2024-08-23,伊勢原市,日向,139.266983,35.437168
山梨県,2024-08-24,富士河口湖町,河口,138.779053,35.543289
山梨県,2024-08-25,甲府市,善光寺町,138.598938,35.680481
神奈川県,2024-08-27,愛川町,半原,139.264832,35.529568
山梨県,2024-08-27,北杜市,武川町山高,138.33902,35.772934
神奈川県,2024-08-27,相模原市,緑区名倉,139.141983,35.605831
山梨県,2024-08-29,大月市,賑岡町浅利,138.928986,35.623737
山梨県,2024-08-30,大月市,七保町駒宮,138.979416,35.663372
山梨県,2024-08-30,大月市,初狩町下初狩日向,138.940002,35.610554
静岡県,2024-08-31,富士宮市,麓,138.555542,35.402851
山梨県,2024-09-01,北杜市,武川町山高,138.33902,35.772934
静岡県,2024-09-02,静岡市清水区,河内,138.422699,35.143223
神奈川県,2024-09-02,秦野市,蓑毛,139.232025,35.419514
山梨県,2024-09-04,上野原市,大椚,139.083008,35.633598
神奈川県,2024-09-05,愛川町,半原,139.264832,35.529568
山梨県,2024-09-06,大月市,七保町浅川,138.9953,35.653194
静岡県,2024-09-06,富士宮市,上袖野,138.554672,35.272873
神奈川県,2024-09-07,伊勢原市,善波,139.261032,35.389923
山梨県,2024-09-08,富士川町,平林,138.372437,35.571636
山梨県,2024-09-09,南部町,佐野区上佐野,138.506805,35.342133
静岡県,2024-09-09,富士宮市,根原,138.584564,35.415428
山梨県,2024-09-09,道志村,大栗,139.0439,35.532036
山梨県,2024-09-10,富士吉田市,上暮地,138.827469,35.508064
山梨県,2024-09-10,早川町,高住,138.365021,35.403152
神奈川県,2024-09-10,秦野市,蓑毛,139.232025,35.419514
山梨県,2024-09-11,山梨市,三富徳和,138.705383,35.810249
静岡県,2024-09-12,富士宮市,内房,138.541122,35.189018
山梨県,2024-09-12,早川町,奈良田,138.276611,35.603207
山梨県,2024-09-12,富士吉田市,上暮地,138.827469,35.508064
静岡県,2024-09-12,浜松市浜名区,引佐町東久留,137.727951,34.890114
静岡県,2024-09-12,富士宮市,上井出,138.605484,35.325951
山梨県,2024-09-13,身延町,湯之奥,138.510269,35.402004
山梨県,2024-09-13,北杜市,武川町山高,138.33902,35.772934
山梨県,2024-09-15,都留市,禾生、井倉,138.905533,35.551628
神奈川県,2024-09-16,山北町,山北,139.081055,35.361237
山梨県,2024-09-17,都留市,大野,138.942398,35.516033
山梨県,2024-09-17,大月市,賑岡町浅利,138.928986,35.623737
静岡県,2024-09-17,静岡市清水区,蒲原,138.600449,35.13126
静岡県,2024-09-17,富士宮市,上袖野,138.554672,35.272873
静岡県,2024-09-18,静岡市葵区,平山,138.421082,35.073269
静岡県,2024-09-18,富士宮市,上袖野,138.554672,35.272873
神奈川県,2024-09-18,伊勢原市,子易,139.27034,35.417934
山梨県,2024-09-18,富士河口湖町,船津,138.758514,35.475739
山梨県,2024-09-18,市川三郷町,上野,138.522003,35.560444
山梨県,2024-09-18,身延町,北川,138.499924,35.466507
山梨県,2024-09-18,富士河口湖町,船津,138.758514,35.475739
山梨県,2024-09-19,身延町,常葉,138.491684,35.437622
神奈川県,2024-09-19,山北町,皆瀬川,139.063675,35.37212
山梨県,2024-09-19,北杜市,長坂町長坂下条,138.377701,35.805405
山梨県,2024-09-19,上野原市,四方津,139.07814,35.613949
静岡県,2024-09-21,富士宮市,内房,138.541122,35.189018
神奈川県,2024-09-21,相模原市,緑区小渕,139.137421,35.623451
山梨県,2024-09-21,身延町,清子,138.438217,35.343529
山梨県,2024-09-22,身延町,北川,138.499924,35.466507
神奈川県,2024-09-22,清川村,煤ケ谷,139.262299,35.484276
神奈川県,2024-09-23,清川村,煤ケ谷,139.262299,35.484276
静岡県,2024-09-23,富士宮市,上袖野,138.554672,35.272873
山梨県,2024-09-24,上野原市,鶴島,139.116623,35.602837
山梨県,2024-09-24,山中湖村,長池,138.861084,35.410591
山梨県,2024-09-24,北杜市,武川町柳澤,138.314697,35.749619
静岡県,2024-09-24,富士宮市,上稲子,138.534805,35.283268
神奈川県,2024-09-25,秦野市,横野,139.179199,35.417397
山梨県,2024-09-25,道志村,大栗,139.0439,35.532036
神奈川県,2024-09-26,秦野市,横野,139.179199,35.417397
山梨県,2024-09-26,北杜市,武川町山高,138.33902,35.772934
山梨県,2024-09-26,北杜市,白州町白須,138.267776,35.79528
山梨県,2024-09-26,身延町,粟倉,138.42038,35.426502
神奈川県,2024-09-27,愛川町,八菅山,139.322449,35.512508
神奈川県,2024-09-28,伊勢原市,大山,139.246063,35.42717
山梨県,2024-09-28,富士吉田市,上暮地,138.827469,35.508064
山梨県,2024-09-28,南アルプス市,上市之瀬,138.392929,35.599277
山梨県,2024-09-29,都留市,宝地内,138.905533,35.551628
山梨県,2024-10-01,富士川町,十谷,138.388962,35.516708
神奈川県,2024-10-01,南足柄市,沼田,139.125504,35.291317
静岡県,2024-10-02,富士宮市,内房,138.541122,35.189018
山梨県,2024-10-02,市川三郷町,中山,138.554306,35.545818
静岡県,2024-10-04,浜松市天竜区,水窪町奥領,137.816238,34.872578
山梨県,2024-10-05,北杜市,長坂町渋沢,138.384155,35.809971
山梨県,2024-10-06,身延町,大島,138.46286,35.324627
山梨県,2024-10-07,南アルプス市,高尾,138.409454,35.625397
静岡県,2024-10-08,川根本町,東藤川,138.164124,35.104942
神奈川県,2024-10-08,清川村,煤ケ谷,139.262299,35.484276
山梨県,2024-10-09,上野原市,四方津,139.07814,35.613949
山梨県,2024-10-10,身延町,大島,138.46286,35.324627
山梨県,2024-10-10,上野原市,四方津,139.07814,35.613949
山梨県,2024-10-11,上野原市,秋山,139.067337,35.568935
山梨県,2024-10-12,忍野村,内野,138.870392,35.461575
山梨県,2024-10-12,都留市,上谷,138.904388,35.550793
山梨県,2024-10-12,上野原市,秋山,139.067337,35.568935
山梨県,2024-10-14,身延町,北川,138.499924,35.466507
山梨県,2024-10-15,身延町,八日市場,138.433258,35.450836
山梨県,2024-10-15,富士河口湖町,河口,138.779053,35.543289
山梨県,2024-10-15,都留市,田野倉,138.938126,35.591908
山梨県,2024-10-16,身延町,下田原,138.453384,35.460567
神奈川県,2024-10-16,伊勢原市,大山,139.246063,35.42717
山梨県,2024-10-17,富士河口湖町,精進,138.626358,35.481388
神奈川県,2024-10-19,松田町,寄,139.124084,35.405666
神奈川県,2024-10-19,清川村,煤ケ谷,139.262299,35.484276
神奈川県,2024-10-21,秦野市,羽根,139.204025,35.400909
山梨県,2024-10-21,富士河口湖町,西湖,138.685104,35.503521
山梨県,2024-10-21,上野原市,諏訪,139.108612,35.63028
山梨県,2024-10-21,早川町,保地内,138.296951,35.43084
山梨県,2024-10-21,南部町,大和,138.455124,35.273815
山梨県,2024-10-22,山中湖村,平野,138.891769,35.424641
山梨県,2024-10-22,富士河口湖町,河口,138.779053,35.543289
山梨県,2024-10-23,上野原市,鶴島,139.116623,35.602837
山梨県,2024-10-23,甲府市,善光寺町,138.598938,35.680481
山梨県,2024-10-23,身延町,常葉,138.491684,35.437622
山梨県,2024-10-23,北杜市,白州町大坊,138.316772,35.774014
山梨県,2024-10-23,北杜市,白州町鳥原,138.223312,35.804619
神奈川県,2024-10-25,秦野市,南矢名,139.250107,35.373379
山梨県,2024-10-25,大月市,猿橋町藤崎,138.992645,35.598221
神奈川県,2024-10-25,松田町,松田庶子,139.127533,35.35981
神奈川県,2024-10-27,山北町,向原,139.103058,35.359695
神奈川県,2024-10-27,秦野市,南矢名,139.250107,35.373379
神奈川県,2024-10-27,秦野市,南矢名,139.250107,35.373379
神奈川県,2024-10-28,山北町,山市場,139.040955,35.395065
神奈川県,2024-10-29,秦野市,曽屋,139.238983,35.371437
神奈川県,2024-10-29,,,,
神奈川県,2024-10-31,厚木市,岡津古久,139.31398,35.427296
神奈川県,2024-10-31,,有害鳥獣捕獲用のくくり罠に錯誤で捕獲。同日中に丹沢山地奥山に放,,
神奈川県,2024-10-31,秦野市,菩提,139.199066,35.411545
神奈川県,2024-10-31,秦野市,戸川,139.174454,35.419914
山梨県,2024-10-31,富士吉田市,新西原,138.790726,35.481773
山梨県,2024-10-31,南部町,内船,138.477905,35.285686
山梨県,2024-10-31,小菅村,山沢,138.940277,35.760277
静岡県,2024-11-01,川根本町,東藤川,138.164124,35.104942
山梨県,2024-11-01,南部町,万沢,138.504929,35.204254
神奈川県,2024-11-01,松田町,松田庶子,139.127533,35.35981
山梨県,2024-11-02,上野原市,西原,139.015167,35.702133
山梨県,2024-11-03,身延町,下部,138.481827,35.417171
山梨県,2024-11-04,富士河口湖町,精進,138.626358,35.481388
山梨県,2024-11-04,中央市,大鳥居,138.550262,35.56319
山梨県,2024-11-04,市川三郷町,上野,138.522003,35.560444
山梨県,2024-11-04,身延町,常葉,138.491684,35.437622
山梨県,2024-11-04,身延町,常葉,138.491684,35.437622
山梨県,2024-11-04,山中湖村,山中,138.847412,35.427853
神奈川県,2024-11-04,,有害鳥獣捕獲用のくくり罠に錯誤で捕獲。同日中に丹沢山地奥山に放,,
山梨県,2024-11-04,上野原市,棡原,139.085815,35.672298
静岡県,2024-11-05,静岡市清水区,吉原,138.447311,35.085388
山梨県,2024-11-05,上野原市,桑久保,139.062805,35.643929
神奈川県,2024-11-06,秦野市,菩提,139.199066,35.411545
神奈川県,2024-11-06,秦野市,横野,139.179199,35.417397
山梨県,2024-11-06,早川町,千須和,138.379913,35.426331
神奈川県,2024-11-07,清川村,煤ケ谷,139.262299,35.484276
神奈川県,2024-11-07,秦野市,菩提,139.199066,35.411545
神奈川県,2024-11-07,清川村,煤ケ谷,139.262299,35.484276
神奈川県,2024-11-09,,,,
山梨県,2024-11-10,富士河口湖町,河口,138.779053,35.543289
山梨県,2024-11-11,小菅村,栗山,138.940277,35.760277
神奈川県,2024-11-12,山北町,向原,139.103058,35.359695
山梨県,2024-11-13,大月市,七保町奈良子,138.917099,35.673138
神奈川県,2024-11-14,伊勢原市,大山,139.246063,35.42717
神奈川県,2024-11-14,松田町,松田庶子,139.127533,35.35981
神奈川県,2024-11-14,伊勢原市,子易,139.27034,35.417934
山梨県,2024-11-14,早川町,保地内,138.296951,35.43084
山梨県,2024-11-14,大月市,賑岡町浅利,138.928986,35.623737
神奈川県,2024-11-15,山北町,皆瀬川,139.063675,35.37212
神奈川県,2024-11-15,山北町,皆瀬川,139.063675,35.37212
山梨県,2024-11-17,市川三郷町,垈地内,138.537537,35.52935
山梨県,2024-11-18,南アルプス市,上市之瀬,138.392929,35.599277
神奈川県,2024-11-18,山北町,皆瀬川,139.063675,35.37212
神奈川県,2024-11-18,松田町,寄,139.124084,35.405666
山梨県,2024-11-20,富士河口湖町,河口,138.779053,35.543289
神奈川県,2024-11-21,松田町,寄,139.124084,35.405666
神奈川県,2024-11-21,松田町,寄,139.124084,35.405666
山梨県,2024-11-21,忍野村,内野,138.870392,35.461575
山梨県,2024-11-22,富士河口湖町,西湖,138.685104,35.503521
山梨県,2024-11-23,笛吹市,八代町大間田,138.620529,35.621449
神奈川県,2024-11-23,山北町,神縄,139.045959,35.402622
神奈川県,2024-11-23,山北町,神縄,139.045959,35.402622
山梨県,2024-11-23,北杜市,白州町白須,138.267776,35.79528
神奈川県,2024-11-24,山北町,山北,139.081055,35.361237
山梨県,2024-11-25,大月市,賑岡町強瀬,138.949844,35.618004
山梨県,2024-11-26,甲州市,塩山福生里,138.746979,35.747131
山梨県,2024-11-27,中央市,浅利,138.543396,35.581455
山梨県,2024-11-28,笛吹市,八代町大間田,138.620529,35.621449
山梨県,2024-11-29,忍野村,忍草区,138.847885,35.460052
山梨県,2024-11-29,富士河口湖町,河口,138.779053,35.543289
山梨県,2024-11-30,身延町,波高島,138.464462,35.420071
神奈川県,2024-11-30,秦野市,菩提,139.199066,35.411545
静岡県,2024-12-04,静岡市清水区,由比阿僧,138.547302,35.117634
神奈川県,2024-12-05,愛川町,半原,139.264832,35.529568
山梨県,2024-12-06,笛吹市,御坂町藤野木,138.773087,35.581715
神奈川県,2024-12-12,松田町,松田惣領,139.144409,35.353275
山梨県,2024-12-17,富士河口湖町,西湖,138.685104,35.503521
山梨県,2024-12-23,上野原市,鶴島,139.116623,35.602837
